arm,duration_ns
tornadovm_off,113088
tornadovm_off,112991
tornadovm_off,112959
tornadovm_off,113087
tornadovm_off,112703
tornadovm_off,112671
tornadovm_off,112767
tornadovm_off,112831
tornadovm_off,112863
tornadovm_off,112607
tornadovm_off,112863
tornadovm_off,113023
tornadovm_off,112799
tornadovm_off,112927
tornadovm_off,112703
tornadovm_off,112959
tornadovm_off,112896
tornadovm_off,112991
tornadovm_off,112736
tornadovm_off,113087
tornadovm_off,112864
tornadovm_off,112640
tornadovm_off,112800
tornadovm_off,112895
tornadovm_off,113055
tornadovm_off,112831
tornadovm_off,112831
tornadovm_off,112895
tornadovm_off,112895
tornadovm_off,112895
tornadovm_off,112895
tornadovm_off,112799
tornadovm_off,112863
tornadovm_off,112959
tornadovm_off,112735
tornadovm_off,112863
tornadovm_off,112927
tornadovm_off,113119
tornadovm_off,113055
tornadovm_off,112992
tornadovm_off,113055
tornadovm_off,112928
tornadovm_off,112895
tornadovm_off,112991
tornadovm_off,112991
tornadovm_off,113087
tornadovm_off,112767
tornadovm_off,112959
tornadovm_off,113151
tornadovm_off,112831
tornadovm_off,112831
tornadovm_off,112735
tornadovm_off,112864
tornadovm_off,112927
tornadovm_off,113119
tornadovm_off,112991
tornadovm_off,113119
tornadovm_off,112832
tornadovm_off,112831
tornadovm_off,112960
tornadovm_off,112704
tornadovm_off,112991
tornadovm_off,112895
tornadovm_off,112895
tornadovm_off,112863
tornadovm_off,112799
tornadovm_off,113119
tornadovm_off,112895
tornadovm_off,112799
tornadovm_off,112511
tornadovm_off,113119
tornadovm_off,113215
tornadovm_off,113023
tornadovm_off,112927
tornadovm_off,113056
tornadovm_off,113183
tornadovm_off,112959
tornadovm_off,113055
tornadovm_off,112895
tornadovm_off,113055
tornadovm_off,112703
tornadovm_off,112607
tornadovm_off,112927
tornadovm_off,113151
tornadovm_off,113056
tornadovm_off,112896
tornadovm_off,112991
tornadovm_off,113087
tornadovm_off,112799
tornadovm_off,113311
tornadovm_off,112671
tornadovm_off,112831
tornadovm_off,112767
tornadovm_off,113087
tornadovm_off,112671
tornadovm_off,113216
tornadovm_off,113023
tornadovm_off,113023
tornadovm_off,112799
tornadovm_off,112799
tornadovm_on,68512
tornadovm_on,68352
tornadovm_on,68576
tornadovm_on,68127
tornadovm_on,68576
tornadovm_on,66944
tornadovm_on,67071
tornadovm_on,67168
tornadovm_on,67007
tornadovm_on,67392
tornadovm_on,68288
tornadovm_on,67968
tornadovm_on,68544
tornadovm_on,68704
tornadovm_on,67296
tornadovm_on,67295
tornadovm_on,67104
tornadovm_on,67487
tornadovm_on,68576
tornadovm_on,68447
tornadovm_on,68160
tornadovm_on,68288
tornadovm_on,68543
tornadovm_on,68288
tornadovm_on,68832
tornadovm_on,68352
tornadovm_on,68576
tornadovm_on,68223
tornadovm_on,68256
tornadovm_on,68639
tornadovm_on,68351
tornadovm_on,68671
tornadovm_on,68224
tornadovm_on,68480
tornadovm_on,68735
tornadovm_on,68192
tornadovm_on,68511
tornadovm_on,68543
tornadovm_on,68639
tornadovm_on,67072
tornadovm_on,67135
tornadovm_on,67231
tornadovm_on,67455
tornadovm_on,68352
tornadovm_on,68287
tornadovm_on,68448
tornadovm_on,67167
tornadovm_on,67072
tornadovm_on,67168
tornadovm_on,68351
tornadovm_on,68415
tornadovm_on,68640
tornadovm_on,68928
tornadovm_on,68671
tornadovm_on,68672
tornadovm_on,68608
tornadovm_on,68064
tornadovm_on,68543
tornadovm_on,68288
tornadovm_on,68352
tornadovm_on,69023
tornadovm_on,68416
tornadovm_on,68703
tornadovm_on,68480
tornadovm_on,67168
tornadovm_on,67295
tornadovm_on,67327
tornadovm_on,68671
tornadovm_on,68768
tornadovm_on,68511
tornadovm_on,68351
tornadovm_on,68480
tornadovm_on,68607
tornadovm_on,68704
tornadovm_on,68287
tornadovm_on,68543
tornadovm_on,68607
tornadovm_on,68639
tornadovm_on,68256
tornadovm_on,68863
tornadovm_on,68288
tornadovm_on,68288
tornadovm_on,68480
tornadovm_on,68415
tornadovm_on,68416
tornadovm_on,68447
tornadovm_on,68608
tornadovm_on,68447
tornadovm_on,68256
tornadovm_on,68287
tornadovm_on,68511
tornadovm_on,68384
tornadovm_on,68672
tornadovm_on,69119
tornadovm_on,68448
tornadovm_on,68479
tornadovm_on,68160
tornadovm_on,68479
tornadovm_on,68511
tornadovm_on,68512
handwritten_cuda,70975
handwritten_cuda,67232
handwritten_cuda,67040
handwritten_cuda,67424
handwritten_cuda,67487
handwritten_cuda,67648
handwritten_cuda,67423
handwritten_cuda,67360
handwritten_cuda,67295
handwritten_cuda,67520
handwritten_cuda,67615
handwritten_cuda,67232
handwritten_cuda,67711
handwritten_cuda,67232
handwritten_cuda,67263
handwritten_cuda,67488
handwritten_cuda,67455
handwritten_cuda,66944
handwritten_cuda,67455
handwritten_cuda,67456
handwritten_cuda,67615
handwritten_cuda,67808
handwritten_cuda,67583
handwritten_cuda,67552
handwritten_cuda,67391
handwritten_cuda,67296
handwritten_cuda,67295
handwritten_cuda,67424
handwritten_cuda,67391
handwritten_cuda,67392
handwritten_cuda,67615
handwritten_cuda,67391
handwritten_cuda,67328
handwritten_cuda,67359
handwritten_cuda,67456
handwritten_cuda,67392
handwritten_cuda,67360
handwritten_cuda,67392
handwritten_cuda,67391
handwritten_cuda,67263
handwritten_cuda,67168
handwritten_cuda,67392
handwritten_cuda,67199
handwritten_cuda,67231
handwritten_cuda,67551
handwritten_cuda,67776
handwritten_cuda,67455
handwritten_cuda,67520
handwritten_cuda,67360
handwritten_cuda,67328
handwritten_cuda,67552
handwritten_cuda,67616
handwritten_cuda,67488
handwritten_cuda,67552
handwritten_cuda,67456
handwritten_cuda,67359
handwritten_cuda,67295
handwritten_cuda,67679
handwritten_cuda,67616
handwritten_cuda,67327
handwritten_cuda,67168
handwritten_cuda,67487
handwritten_cuda,67392
handwritten_cuda,67231
handwritten_cuda,67424
handwritten_cuda,67743
handwritten_cuda,67488
handwritten_cuda,67519
handwritten_cuda,67424
handwritten_cuda,67551
handwritten_cuda,67392
handwritten_cuda,67519
handwritten_cuda,67456
handwritten_cuda,68063
handwritten_cuda,67552
handwritten_cuda,67519
handwritten_cuda,67264
handwritten_cuda,67743
handwritten_cuda,67808
handwritten_cuda,67263
handwritten_cuda,67296
handwritten_cuda,67647
handwritten_cuda,67456
handwritten_cuda,67359
handwritten_cuda,67488
handwritten_cuda,67359
handwritten_cuda,67360
handwritten_cuda,67519
handwritten_cuda,67200
handwritten_cuda,67423
handwritten_cuda,67360
handwritten_cuda,67296
handwritten_cuda,67775
handwritten_cuda,67359
handwritten_cuda,67488
handwritten_cuda,67392
handwritten_cuda,67519
handwritten_cuda,67776
handwritten_cuda,67520
handwritten_cuda,67711
handwritten_cuda,67488
handwritten_cuda,67487
handwritten_cuda,67551
